-- Inserindo dados na tabela de atores
INSERT INTO ator (id, nome, sobrenome, data_estreia) VALUES
(1, 'Tim', 'Robbins', '1980-01-01'),
(2, 'Morgan', 'Freeman', '1975-05-15'),
(3, 'Marlon', 'Brando', '1950-01-01'),
(4, 'Al', 'Pacino', '1960-01-01'),
(5, 'Christian', 'Bale', '1990-01-01'),
(6, 'Heath', 'Ledger', '1995-01-01'),
(7, 'John', 'Travolta', '1970-01-01'),
(8, 'Samuel L.', 'Jackson', '1980-01-01'),
(9, 'Keanu', 'Reeves', '1985-01-01'),
(10, 'Laurence', 'Fishburne', '1980-01-01'),
(11, 'Tom', 'Hanks', '1980-01-01'),
(12, 'Halle', 'Berry', '1990-01-01'),
(13, 'Hugh', 'Jackman', '1990-01-01'),
(14, 'Nicole', 'Kidman', '1990-01-01'),
(15, 'Meryl', 'Streep', '1970-01-01'),
(16, 'Leonardo', 'DiCaprio', '1990-01-01'),
(17, 'Kate', 'Winslet', '1990-01-01'),
(18, 'Elijah', 'Wood', '1990-01-01'),
(19, 'Ian', 'McKellen', '1970-01-01'),
(20, 'Viggo', 'Mortensen', '1990-01-01'),
(21, 'Daniel', 'Radcliffe', '2000-01-01'),
(22, 'Emma', 'Watson', '2000-01-01'),
(23, 'Robert', 'Downey Jr.', '1990-01-01'),
(24, 'Edward', 'Norton', '1990-01-01'),
(25, 'Matt', 'Damon', '1990-01-01'),
(26, 'Daniel', 'Craig', '1990-01-01'),
(27, 'Johnny', 'Depp', '1990-01-01'),
(28, 'Orlando', 'Bloom', '1990-01-01'),
(29, 'Albert', 'Brooks', '1970-01-01'),
(30, 'Ellen', 'DeGeneres', '1980-01-01');

-- Inserindo dados na tabela de gêneros
INSERT INTO genero (id, descricao) VALUES
(1, 'Action'),
(2, 'Comedy'),
(3, 'Drama'),
(4, 'Sci-Fi'),
(5, 'Horror'),
(6, 'Crime'),
(7, 'Adventure'),
(8, 'Animation'),
(9, 'Family'),
(10, 'Thriller'),
(11, 'Fantasy'),
(12, 'Romance'),
(13, 'Mystery'),
(14, 'Biography'),
(15, 'History');

-- Inserindo dados na tabela de classificação etária
INSERT INTO classificacao_etaria (id, descricao) VALUES
(1, 'G'),
(2, 'PG'),
(3, 'PG-13'),
(4, 'R');

-- =====================================================================
-- SEÇÃO 3: INSERÇÃO DOS 100 DVDS
-- =====================================================================

INSERT INTO dvd (id, titulo, ano_lancamento, ator_principal_id, ator_coadjuvante_id, data_lancamento, duracao_minutos, classificacao_etaria_id, genero_id) VALUES
(1, 'The Shawshank Redemption', 1994, 1, 2, '1994-09-23', 142, 4, 3),
(2, 'The Matrix', 1999, 9, 10, '1999-03-31', 136, 4, 4),
(3, 'WALL-E', 2008, 13, 14, '2008-06-27', 98, 1, 8),
(4, 'Slumdog Millionaire', 2008, 11, 12, '2008-11-12', 120, 3, 3),
(5, 'Mamma Mia!', 2008, 15, 16, '2008-07-18', 108, 2, 2),
(6, 'Gran Torino', 2008, 3, 4, '2008-12-12', 116, 4, 3),
(7, 'The Wrestler', 2008, 5, 6, '2008-09-17', 109, 4, 3),
(8, 'Milk', 2008, 7, 8, '2008-11-26', 128, 4, 3),
(9, 'Vicky Cristina Barcelona', 2008, 17, 18, '2008-08-15', 96, 4, 3),
(10, 'The Pirates Who Don''t Do Anything: A VeggieTales Movie', 2008, 19, 20, '2008-01-11', 85, 1, 8),
(11, 'Cloverfield', 2008, 21, 22, '2008-01-18', 85, 3, 4),
(12, 'Ip Man', 2008, 23, 24, '2008-12-12', 106, 3, 1),
(13, 'Waltz with Bashir', 2008, 25, 26, '2008-06-12', 90, 4, 7),
(14, 'In Bruges', 2008, 27, 28, '2008-01-17', 107, 4, 6),
(15, 'Man on Wire', 2008, 29, 30, '2008-08-01', 94, 3, 14),
(16, 'The Curious Case of Benjamin Button', 2008, 1, 2, '2008-12-25', 166, 3, 3),
(17, 'Avatar', 2009, 16, 17, '2009-12-18', 162, 3, 4),
(18, 'Inglourious Basterds', 2009, 5, 6, '2009-08-21', 153, 4, 7),
(19, 'Up', 2009, 13, 14, '2009-05-29', 96, 2, 8),
(20, 'A Serious Man', 2009, 7, 8, '2009-10-02', 106, 4, 3),
(21, 'District 9', 2009, 9, 10, '2009-08-14', 112, 4, 4),
(22, 'The Hurt Locker', 2009, 11, 12, '2009-06-26', 131, 4, 7),
(23, 'The Hangover', 2009, 15, 16, '2009-06-05', 100, 4, 2),
(24, 'Coraline', 2009, 21, 22, '2009-02-06', 100, 2, 8),
(25, 'Mary and Max', 2009, 17, 18, '2009-04-09', 92, 3, 8),
(26, 'Precious', 2009, 1, 2, '2009-11-06', 110, 4, 3),
(27, 'An Education', 2009, 13, 14, '2009-10-16', 100, 3, 3),
(28, 'In the Loop', 2009, 15, 16, '2009-04-17', 106, 4, 2),
(29, 'Pan''s Labyrinth', 2006, 19, 20, '2006-05-27', 118, 4, 7),
(30, 'Children of Men', 2006, 5, 6, '2006-09-22', 109, 4, 4),
(31, 'The Departed', 2006, 1, 2, '2006-10-06', 151, 4, 6),
(32, 'Dreamgirls', 2006, 13, 14, '2006-12-25', 130, 3, 3),
(33, 'The Lives of Others', 2006, 7, 8, '2006-03-23', 137, 4, 3),
(34, 'The Prestige', 2006, 9, 10, '2006-10-20', 130, 3, 7),
(35, 'Happy Feet', 2006, 11, 12, '2006-11-17', 108, 2, 8),
(36, 'The Queen', 2006, 15, 16, '2006-09-15', 103, 3, 3),
(37, 'Borat', 2006, 17, 18, '2006-11-03', 84, 4, 2),
(38, 'Little Miss Sunshine', 2006, 19, 20, '2006-07-26', 101, 4, 2),
(39, 'The Pursuit of Happyness', 2006, 5, 6, '2006-12-15', 117, 3, 3),
(40, 'An Inconvenient Truth', 2006, 21, 22, '2006-05-24', 96, 2, 14),
(41, 'The Last King of Scotland', 2006, 1, 2, '2006-09-27', 123, 4, 3),
(42, 'Babel', 2006, 7, 8, '2006-10-27', 143, 4, 3),
(43, 'United 93', 2006, 9, 10, '2006-04-28', 111, 4, 3),
(44, '300', 2007, 11, 12, '2007-03-09', 117, 4, 1),
(45, 'Spider-Man 3', 2007, 13, 14, '2007-05-04', 139, 3, 1),
(46, 'Transformers', 2007, 15, 16, '2007-07-03', 144, 3, 1),
(47, 'There Will Be Blood', 2007, 17, 18, '2007-12-26', 158, 4, 3),
(48, 'No Country for Old Men', 2007, 19, 20, '2007-11-21', 122, 4, 6),
(49, 'The Simpsons Movie', 2007, 21, 22, '2007-07-27', 87, 3, 2),
(50, 'I Am Legend', 2007, 1, 2, '2007-12-14', 101, 3, 4),
(51, 'Ratatouille', 2007, 13, 14, '2007-06-29', 111, 1, 8),
(52, 'Into the Wild', 2007, 5, 6, '2007-09-21', 148, 4, 7),
(53, 'Juno', 2007, 15, 16, '2007-12-05', 96, 3, 2),
(54, 'Atonement', 2007, 17, 18, '2007-09-07', 123, 3, 3),
(55, 'Superbad', 2007, 19, 20, '2007-08-17', 113, 4, 2),
(56, 'Persepolis', 2007, 21, 22, '2007-05-23', 96, 3, 8),
(57, 'Once', 2007, 1, 2, '2007-05-16', 85, 3, 3),
(58, 'La Vie En Rose', 2007, 13, 14, '2007-06-08', 140, 3, 3),
(59, 'The King''s Speech', 2010, 15, 16, '2010-11-26', 118, 3, 3),
(60, 'Toy Story 3', 2010, 17, 18, '2010-06-18', 103, 1, 8),
(61, 'Inception', 2010, 5, 6, '2010-07-16', 148, 3, 4),
(62, 'Black Swan', 2010, 19, 20, '2010-12-03', 108, 4, 7),
(63, 'The Social Network', 2010, 7, 8, '2010-10-01', 120, 3, 3),
(64, 'How to Train Your Dragon', 2010, 9, 10, '2010-03-26', 98, 2, 8),
(65, 'Despicable Me', 2010, 11, 12, '2010-07-09', 95, 2, 8),
(66, 'Winter''s Bone', 2010, 13, 14, '2010-06-11', 100, 4, 3),
(67, 'Tangled', 2010, 15, 16, '2010-11-24', 100, 2, 8),
(68, '127 Hours', 2010, 17, 18, '2010-11-05', 94, 4, 7),
(69, 'Scott Pilgrim vs. The World', 2010, 19, 20, '2010-08-13', 112, 3, 1),
(70, 'The Lord of the Rings: The Fellowship of the Ring', 2001, 1, 2, '2001-12-19', 178, 3, 11),
(71, 'The Lord of the Rings: The Two Towers', 2002, 3, 4, '2002-12-18', 179, 3, 11),
(72, 'The Lord of the Rings: The Return of the King', 2003, 5, 6, '2003-12-17', 201, 3, 11),
(73, 'Harry Potter and the Sorcerer''s Stone', 2001, 21, 22, '2001-11-16', 152, 2, 11),
(74, 'Harry Potter and the Chamber of Secrets', 2002, 21, 22, '2002-11-15', 161, 2, 11),
(75, 'Harry Potter and the Prisoner of Azkaban', 2004, 21, 22, '2004-06-04', 142, 2, 11),
(76, 'Harry Potter and the Goblet of Fire', 2005, 21, 22, '2005-11-18', 157, 3, 11),
(77, 'Harry Potter and the Order of the Phoenix', 2007, 21, 22, '2007-07-11', 138, 3, 11),
(78, 'Harry Potter and the Half-Blood Prince', 2009, 21, 22, '2009-07-15', 153, 3, 11),
(79, 'The Dark Knight', 2008, 5, 6, '2008-07-18', 152, 3, 1),
(80, 'Batman Begins', 2005, 5, 6, '2005-06-15', 140, 3, 1),
(81, 'Spider-Man', 2002, 23, 24, '2002-05-03', 121, 3, 1),
(82, 'Spider-Man 2', 2004, 23, 24, '2004-06-30', 127, 3, 1),
(83, 'X-Men', 2000, 25, 26, '2000-07-14', 104, 3, 1),
(84, 'X2: X-Men United', 2003, 25, 26, '2003-05-02', 134, 3, 1),
(85, 'X-Men: The Last Stand', 2006, 25, 26, '2006-05-26', 104, 3, 1),
(86, 'Iron Man', 2008, 23, 24, '2008-05-02', 126, 3, 1),
(87, 'The Incredible Hulk', 2008, 27, 28, '2008-06-13', 112, 3, 1),
(88, 'The Bourne Identity', 2002, 25, 26, '2002-06-14', 119, 3, 7),
(89, 'The Bourne Supremacy', 2004, 25, 26, '2004-07-23', 108, 3, 7),
(90, 'The Bourne Ultimatum', 2007, 25, 26, '2007-08-03', 111, 3, 7),
(91, 'James Bond: Casino Royale', 2006, 26, 27, '2006-11-14', 144, 3, 7),
(92, 'James Bond: Quantum of Solace', 2008, 26, 27, '2008-10-29', 106, 3, 7),
(93, 'Pirates of the Caribbean: The Curse of the Black Pearl', 2003, 27, 28, '2003-07-09', 143, 3, 7),
(94, 'Pirates of the Caribbean: Dead Man''s Chest', 2006, 27, 28, '2006-07-07', 151, 3, 7),
(95, 'Pirates of the Caribbean: At World''s End', 2007, 27, 28, '2007-05-25', 169, 3, 7),
(96, 'Finding Nemo', 2003, 29, 30, '2003-05-30', 100, 1, 8),
(97, 'The Incredibles', 2004, 13, 14, '2004-11-05', 115, 2, 8),
(98, 'Cars', 2006, 13, 14, '2006-06-09', 117, 1, 8),
(99, 'Ratatouille', 2007, 29, 30, '2007-06-29', 111, 1, 8),
(100, 'The Incredible Hulk', 2008, 27, 28, '2008-06-13', 112, 3, 1);
